原文件,新文件,英文描述,状态
1.jpg,冰岛法国-建筑-竖幅-001.jpg,a large building with a clock on the side of it,已复制到Camera Roll
10.jpg,冰岛法国-教堂-全景-暖色调-002.jpg,a man in a red robe standing in front of a church,已复制到Camera Roll
10_副本.jpg,冰岛法国-街道-人群-全景-003.jpg,people walking down a street,已复制到Camera Roll
10_副本1.jpg,冰岛法国-山-水面-全景-004.jpg,a large body of water surrounded by mountains,已复制到Camera Roll
10_副本2.jpg,冰岛法国-风景-竖幅-005.jpg,a man sitting on a bench reading a newspaper,已复制到Camera Roll
10_副本3.jpg,冰岛法国-公园-树-竖幅-006.jpg,a park with trees and a park bench,已复制到Camera Roll
10_副本4.jpg,冰岛法国-人物-水面-竖幅-007.jpg,a person standing on a rock near a body of water,已复制到Camera Roll
10_副本5.jpg,冰岛法国-瀑布-河流-全景-008.jpg,a river filled with rocks and a waterfall,已复制到Camera Roll
10_副本6.jpg,冰岛法国-水面-竖幅-009.jpg,a large body of water surrounded by rocks,已复制到Camera Roll
10_副本7.jpg,冰岛法国-街道-竖幅-冷色调-010.jpg,a young girl riding a skateboard down a street,已复制到Camera Roll
10_副本8.jpg,冰岛法国-水面-全景-011.jpg,a large body of water with a kite flying over it,已复制到Camera Roll
10_副本9.jpg,冰岛法国-建筑-山脉-山-全景-012.jpg,a large white building with a mountain range,已复制到Camera Roll
11.jpg,冰岛法国-教堂-全景-013.jpg,a man standing in front of a church,已复制到Camera Roll
11_副本.jpg,冰岛法国-建筑-全景-014.jpg,a woman standing in front of a building with an umbrella,已复制到Camera Roll
11_副本1.jpg,冰岛法国-山-水面-全景-015.jpg,a large body of water surrounded by mountains,已复制到Camera Roll
11_副本2.jpg,冰岛法国-建筑-全景-016.jpg,motorcycles are parked on the side of a building,已复制到Camera Roll
11_副本3.jpg,冰岛法国-尖塔-公园-树-全景-017.jpg,a park with trees and a clock tower,已复制到Camera Roll
11_副本4.jpg,冰岛法国-人物-树-全景-018.jpg,a person standing on top of a rock surrounded by trees,已复制到Camera Roll
11_副本5.jpg,冰岛法国-田野-消防栓-竖幅-019.jpg,a fire hydrant in the middle of a lush green field,已复制到Camera Roll
11_副本6.jpg,冰岛法国-水面-竖幅-020.jpg,a large body of water surrounded by rocks,已复制到Camera Roll
11_副本7.jpg,冰岛法国-街道-竖幅-冷色调-021.jpg,a woman walking down a street with a skateboard,已复制到Camera Roll
11_副本8.jpg,冰岛法国-桥-水面-全景-022.jpg,a large body of water with a bridge over it,已复制到Camera Roll
11_副本9.jpg,冰岛法国-山-公路-全景-023.jpg,a herd of cattle on a road near a mountain,已复制到Camera Roll
12.jpg,冰岛法国-建筑-全景-024.jpg,a large building with a clock on it,已复制到Camera Roll
12_副本.jpg,冰岛法国-窗-建筑-全景-025.jpg,a large brick building with windows and a balcony,已复制到Camera Roll
12_副本1.jpg,冰岛法国-山脉-山-树-全景-暖色调-026.jpg,a mountain range surrounded by rocks and trees,已复制到Camera Roll
12_副本2.jpg,冰岛法国-建筑-全景-027.jpg,a woman sitting on a bench in front of a building,已复制到Camera Roll
12_副本3.jpg,冰岛法国-建筑-雕像-全景-028.jpg,a large building with a statue of a woman in front of it,已复制到Camera Roll
12_副本4.jpg,冰岛法国-风景-全景-029.jpg,a woman standing on a beach next to a lighthouse,已复制到Camera Roll
12_副本5.jpg,冰岛法国-瀑布-田野-竖幅-030.jpg,a waterfall in the middle of a lush green field,已复制到Camera Roll
12_副本6.jpg,冰岛法国-河流-水面-全景-031.jpg,a river that has some water coming out of it,已复制到Camera Roll
12_副本7.jpg,冰岛法国-建筑-全景-冷色调-032.jpg,a tall building with a clock on the top of it,已复制到Camera Roll
12_副本8.jpg,冰岛法国-水面-全景-033.jpg,a large body of water with snow on top,已复制到Camera Roll
12_副本9.jpg,冰岛法国-人群-公路-全景-034.jpg,people standing on a road next to a bus,已复制到Camera Roll
13.jpg,冰岛法国-街道-人群-全景-035.jpg,a crowd of people walking down a street with umbrellas,已复制到Camera Roll
13_副本.jpg,冰岛法国-建筑-全景-036.jpg,a large building with a clock on the side of it,已复制到Camera Roll
13_副本1.jpg,冰岛法国-公路-全景-037.jpg,a road that has a road sign on the side of it,已复制到Camera Roll
13_副本2.jpg,冰岛法国-桥-水面-全景-冷色调-038.jpg,a large body of water with a bridge over it,已复制到Camera Roll
13_副本3.jpg,冰岛法国-建筑-全景-039.jpg,a woman standing in front of a large stone building,已复制到Camera Roll
13_副本4.jpg,冰岛法国-水面-全景-040.jpg,a lighthouse on a beach near a body of water,已复制到Camera Roll
13_副本5.jpg,冰岛法国-山脉-山-山坡-全景-暖色调-041.jpg,a grassy hillside with a mountain range,已复制到Camera Roll
13_副本6.jpg,冰岛法国-风景-全景-冷色调-042.jpg,a woman walking on a beach with a surfboard,已复制到Camera Roll
13_副本7.jpg,冰岛法国-水面-全景-043.jpg,a large body of water with a large amount of snow on top,已复制到Camera Roll
13_副本8.jpg,冰岛法国-山坡-全景-044.jpg,a small hut on a grassy hillside,已复制到Camera Roll
14.jpg,冰岛法国-小船-水面-竖幅-045.jpg,a small boat on a body of water,已复制到Camera Roll
14_副本.jpg,冰岛法国-建筑-人群-全景-046.jpg,a large group of people standing in front of a building,已复制到Camera Roll
14_副本1.jpg,冰岛法国-人物-公路-全景-047.jpg,a person walking down a dirt road,已复制到Camera Roll
14_副本2.jpg,冰岛法国-教堂-全景-048.jpg,a church steeple with a clock on it,已复制到Camera Roll
14_副本3.jpg,冰岛法国-桥-河流-全景-049.jpg,a river that has a bridge over it,已复制到Camera Roll
14_副本4.jpg,冰岛法国-山脉-山-全景-050.jpg,a mountain range with a lighthouse on top of it,已复制到Camera Roll
14_副本5.jpg,冰岛法国-公路-水面-全景-051.jpg,a blurry picture of a road with a bunch of water coming out of it,已复制到Camera Roll
14_副本6.jpg,冰岛法国-街道-竖幅-冷色调-052.jpg,a woman walking down the street with a frisbee,已复制到Camera Roll
14_副本7.jpg,冰岛法国-北极熊-全景-053.jpg,a polar bear standing on top of a frozen lake,已复制到Camera Roll
14_副本8.jpg,冰岛法国-建筑-全景-054.jpg,a large building with a tent on top of it,已复制到Camera Roll
15.jpg,冰岛法国-街道-马-马车-竖幅-055.jpg,a horse drawn carriage on a city street,已复制到Camera Roll
15_副本.jpg,冰岛法国-建筑-全景-056.jpg,a large building with a clock on the front of it,已复制到Camera Roll
15_副本1.jpg,冰岛法国-水面-竖幅-057.jpg,a rocky shoreline with a body of water,已复制到Camera Roll
15_副本2.jpg,冰岛法国-人物-树-竖幅-058.jpg,a person sitting on a bench next to a tree,已复制到Camera Roll
15_副本3.jpg,冰岛法国-建筑-全景-059.jpg,a woman is standing in front of a large building,已复制到Camera Roll
15_副本4.jpg,冰岛法国-瀑布-河流-全景-060.jpg,a river with a waterfall in the middle of it,已复制到Camera Roll
15_副本5.jpg,冰岛法国-街道-人群-竖幅-061.jpg,a street scene with people walking down the street,已复制到Camera Roll
15_副本6.jpg,冰岛法国-水面-全景-062.jpg,a large body of water with snow on top,已复制到Camera Roll
15_副本7.jpg,冰岛法国-田野-全景-063.jpg,a large field with a barn on top of it,已复制到Camera Roll
16.jpg,冰岛法国-马-全景-064.jpg,a woman standing next to a man on a horse,已复制到Camera Roll
16_副本.jpg,冰岛法国-街道-狗-全景-暗光-065.jpg,a woman walking down the street with a dog,已复制到Camera Roll
16_副本1.jpg,冰岛法国-人群-全景-暖色调-066.jpg,a riverbank with a couple of people standing on it,已复制到Camera Roll
16_副本2.jpg,冰岛法国-街道-马-马车-全景-067.jpg,a woman riding a horse drawn carriage down a street,已复制到Camera Roll
16_副本3.jpg,冰岛法国-建筑-竖幅-068.jpg,an old building with a clock on the front of it,已复制到Camera Roll
16_副本4.jpg,冰岛法国-人群-全景-069.jpg,people standing on top of a rocky cliff,已复制到Camera Roll
16_副本5.jpg,冰岛法国-建筑-水面-全景-070.jpg,a large stream of water coming out of the side of a building,已复制到Camera Roll
16_副本6.jpg,冰岛法国-风景-全景-冷色调-071.jpg,a display of different types of scissors in a store,已复制到Camera Roll
16_副本7.jpg,冰岛法国-山脉-山-全景-072.jpg,a scenic view of a scenic view of a mountain range,已复制到Camera Roll
16_副本8.jpg,冰岛法国-马-全景-073.jpg,a barn with a horse standing on top of it,已复制到Camera Roll
17.jpg,冰岛法国-马-全景-074.jpg,a man riding on the back of a horse,已复制到Camera Roll
17_副本.jpg,冰岛法国-街道-人群-全景-075.jpg,a crowd of people standing on top of a street,已复制到Camera Roll
17_副本1.jpg,冰岛法国-山脉-山-全景-076.jpg,a mountain range with mountains,已复制到Camera Roll
17_副本2.jpg,冰岛法国-小船-人群-水面-全景-077.jpg,people on a boat in the water,已复制到Camera Roll
17_副本3.jpg,冰岛法国-建筑-人群-竖幅-暖色调-078.jpg,people standing in front of a stone building,已复制到Camera Roll
17_副本4.jpg,冰岛法国-风景-全景-079.jpg,a woman standing on a beach near the ocean,已复制到Camera Roll
17_副本5.jpg,冰岛法国-天空-竖幅-080.jpg,an aerial view of a cloudy sky,已复制到Camera Roll
17_副本6.jpg,冰岛法国-街道-竖幅-冷色调-081.jpg,a woman walking down a street with a bunch of flowers in her hand,已复制到Camera Roll
17_副本7.jpg,冰岛法国-水面-全景-082.jpg,a large body of water on a cloudy day,已复制到Camera Roll
17_副本8.jpg,冰岛法国-田野-房屋-全景-083.jpg,a row of houses in a grassy field,已复制到Camera Roll
18.jpg,冰岛法国-建筑-全景-084.jpg,a large brick building with a clock on the side of it,已复制到Camera Roll
18_副本.jpg,冰岛法国-风景-全景-冷色调-085.jpg,a man on a surfboard on the beach,已复制到Camera Roll
18_副本1.jpg,冰岛法国-河流-田野-全景-暖色调-086.jpg,a woman standing in a grassy field next to a river,已复制到Camera Roll
18_副本2.jpg,冰岛法国-桥-水面-全景-087.jpg,a bridge over a body of water,已复制到Camera Roll
18_副本3.jpg,冰岛法国-建筑-全景-暖色调-088.jpg,a large building with a large clock on the side of it,已复制到Camera Roll
18_副本4.jpg,冰岛法国-风景-全景-089.jpg,a man and a woman standing next to a rock wall,已复制到Camera Roll
18_副本5.jpg,冰岛法国-瀑布-水面-竖幅-090.jpg,a waterfall with water coming out of it,已复制到Camera Roll
18_副本6.jpg,冰岛法国-建筑-全景-091.jpg,a woman standing on a sidewalk next to a building,已复制到Camera Roll
18_副本7.jpg,冰岛法国-风景-全景-092.jpg,a view from the top of a hill overlooking the ocean,已复制到Camera Roll
18_副本8.jpg,冰岛法国-房屋-全景-093.jpg,a small house with a car parked in the grass,已复制到Camera Roll
19.jpg,冰岛法国-建筑-全景-094.jpg,a large building with a clock on the side of it,已复制到Camera Roll
19_副本.jpg,冰岛法国-人群-竖幅-冷色调-095.jpg,people sitting on the beach with umbrellas,已复制到Camera Roll
19_副本1.jpg,冰岛法国-风景-横幅-暖色调-096.jpg,a woman is talking on her cell phone,已复制到Camera Roll
19_副本2.jpg,冰岛法国-建筑-全景-冷色调-097.jpg,a large building with a clock on the top of it,已复制到Camera Roll
19_副本3.jpg,冰岛法国-人物-竖幅-暗光-暖色调-098.jpg,a person standing in front of a stone wall,已复制到Camera Roll
19_副本4.jpg,冰岛法国-田野-全景-暖色调-099.jpg,a man standing in a field next to a tent,已复制到Camera Roll
19_副本5.jpg,冰岛法国-树-竖幅-暗光-100.jpg,a woman in a pink dress standing next to a tree,已复制到Camera Roll
19_副本6.jpg,冰岛法国-山坡-全景-101.jpg,a small hillside with a train on it,已复制到Camera Roll
19_副本7.jpg,冰岛法国-田野-天空-竖幅-102.jpg,a grassy field with a sky background,已复制到Camera Roll
1_副本.jpg,冰岛法国-建筑-竖幅-103.jpg,a large building with a clock on it,已复制到Camera Roll
1_副本1.jpg,冰岛法国-鸟-全景-104.jpg,a bird standing on top of a rock near a fence,已复制到Camera Roll
1_副本2.jpg,冰岛法国-山-水面-全景-冷色调-105.jpg,a large body of water with mountains,已复制到Camera Roll
1_副本3.jpg,冰岛法国-人群-竖幅-106.jpg,people walking down a brick walkway,已复制到Camera Roll
1_副本4.jpg,冰岛法国-水面-横幅-107.jpg,a beach with a large body of water,已复制到Camera Roll
1_副本5.jpg,冰岛法国-桥-河流-全景-108.jpg,a bridge over a river with a train on it,已复制到Camera Roll
1_副本6.jpg,冰岛法国-瀑布-水面-全景-109.jpg,a large body of water with a waterfall,已复制到Camera Roll
1_副本7.jpg,冰岛法国-狗-竖幅-冷色调-110.jpg,a dog sitting on a ledge overlooking the ocean,已复制到Camera Roll
1_副本8.jpg,冰岛法国-水面-全景-强光-111.jpg,a large body of water filled with snow,已复制到Camera Roll
1_副本9.jpg,冰岛法国-河流-全景-暖色调-112.jpg,a woman standing on a hill near a river,已复制到Camera Roll
2.jpg,冰岛法国-建筑-竖幅-113.jpg,a large building with a large clock on it,已复制到Camera Roll
20.jpg,冰岛法国-人群-河流-全景-暖色调-114.jpg,a crowd of people standing on a sidewalk near a river,已复制到Camera Roll
20_副本.jpg,冰岛法国-消防栓-竖幅-115.jpg,a fire hydrant in the middle of a grassy area,已复制到Camera Roll
20_副本1.jpg,冰岛法国-建筑-竖幅-冷色调-116.jpg,a large building with a clock on the side of it,已复制到Camera Roll
20_副本2.jpg,冰岛法国-田野-消防栓-竖幅-117.jpg,a red fire hydrant sitting in the middle of a grassy field,已复制到Camera Roll
20_副本3.jpg,冰岛法国-山坡-全景-118.jpg,a woman standing on top of a lush green hillside,已复制到Camera Roll
20_副本4.jpg,冰岛法国-风景-全景-119.jpg,a large stone wall with a small hill behind it,已复制到Camera Roll
20_副本5.jpg,冰岛法国-田野-天空-全景-120.jpg,a field with tents and a sky background,已复制到Camera Roll
2_副本.jpg,冰岛法国-建筑-人群-全景-121.jpg,a crowd of people standing in front of a tall building,已复制到Camera Roll
2_副本1.jpg,冰岛法国-狗-全景-暖色调-122.jpg,a dog standing on top of a hill next to a rock,已复制到Camera Roll
2_副本2.jpg,冰岛法国-建筑-全景-冷色调-123.jpg,a tall building with a clock on the side of it,已复制到Camera Roll
2_副本3.jpg,冰岛法国-水面-竖幅-冷色调-124.jpg,a large body of water on a cloudy day,已复制到Camera Roll
2_副本4.jpg,冰岛法国-人群-水面-全景-125.jpg,people standing on top of a beach next to a body of water,已复制到Camera Roll
2_副本5.jpg,冰岛法国-街道-全景-126.jpg,a large green truck driving down a street,已复制到Camera Roll
2_副本6.jpg,冰岛法国-瀑布-水面-全景-127.jpg,a large body of water with a waterfall,已复制到Camera Roll
2_副本7.jpg,冰岛法国-风景-竖幅-冷色调-128.jpg,a woman sitting on a beach next to the ocean,已复制到Camera Roll
2_副本8.jpg,冰岛法国-水面-全景-129.jpg,a large body of water with a large body of water behind it,已复制到Camera Roll
2_副本9.jpg,冰岛法国-风景-竖幅-130.jpg,a man walking down a dirt path in the woods,已复制到Camera Roll
3.jpg,冰岛法国-风景-竖幅-131.jpg,a man in a red shirt is on the ground with a knife in his hand,已复制到Camera Roll
3_副本.jpg,冰岛法国-建筑-人群-全景-暖色调-132.jpg,people standing in front of a tall building,已复制到Camera Roll
3_副本1.jpg,冰岛法国-人物-全景-133.jpg,a person standing on top of a hill,已复制到Camera Roll
3_副本2.jpg,冰岛法国-火车站-车站-全景-134.jpg,a train station with a lot of benches and umbrellas,已复制到Camera Roll
3_副本3.jpg,冰岛法国-建筑-房屋-全景-135.jpg,a cityscape of a city with houses and buildings,已复制到Camera Roll
3_副本4.jpg,冰岛法国-人物-全景-136.jpg,a person standing on a stone wall next to a rock wall,已复制到Camera Roll
3_副本5.jpg,冰岛法国-桥-水面-全景-137.jpg,a bridge over a large body of water,已复制到Camera Roll
3_副本6.jpg,冰岛法国-瀑布-河流-全景-138.jpg,a river with rocks and a waterfall,已复制到Camera Roll
3_副本7.jpg,冰岛法国-人群-全景-冷色调-139.jpg,a beach filled with lots of people on a sunny day,已复制到Camera Roll
3_副本8.jpg,冰岛法国-风景-全景-140.jpg,a woman standing in the middle of a lake,已复制到Camera Roll
3_副本9.jpg,冰岛法国-水面-全景-141.jpg,a view from a distance of a large body of water,已复制到Camera Roll
4.jpg,冰岛法国-教堂-人群-全景-暖色调-142.jpg,a crowd of people standing around a church,已复制到Camera Roll
4_副本.jpg,冰岛法国-树-竖幅-143.jpg,a tree in the middle of a city,已复制到Camera Roll
4_副本1.jpg,冰岛法国-风景-全景-144.jpg,a man standing next to a pole holding a surfboard,已复制到Camera Roll
4_副本2.jpg,冰岛法国-人群-全景-145.jpg,a crowd of people standing under umbrellas at an outdoor event,已复制到Camera Roll
4_副本3.jpg,冰岛法国-飞机-竖幅-冷色调-146.jpg,airplanes are parked on the runway at an airport,已复制到Camera Roll
4_副本4.jpg,冰岛法国-风景-全景-147.jpg,a man standing on top of a pile of rocks,已复制到Camera Roll
4_副本5.jpg,冰岛法国-桥-河流-全景-暗光-148.jpg,a train crossing a bridge over a river,已复制到Camera Roll
4_副本6.jpg,冰岛法国-瀑布-水面-竖幅-149.jpg,a large body of water with a waterfall behind it,已复制到Camera Roll
4_副本7.jpg,冰岛法国-风景-全景-150.jpg,a woman standing on top of a lake holding a camera,已复制到Camera Roll
4_副本8.jpg,冰岛法国-树-全景-151.jpg,a view from the top of a hill of some trees,已复制到Camera Roll
5.jpg,冰岛法国-人群-全景-暗光-暖色调-152.jpg,a large group of people standing around a table,已复制到Camera Roll
5_副本.jpg,冰岛法国-建筑-全景-153.jpg,a large building with a clock on the front of it,已复制到Camera Roll
5_副本1.jpg,冰岛法国-风景-全景-154.jpg,a man standing next to a pole holding a surfboard,已复制到Camera Roll
5_副本2.jpg,冰岛法国-建筑-全景-冷色调-155.jpg,a large building with a clock on it,已复制到Camera Roll
5_副本3.jpg,冰岛法国-建筑-全景-156.jpg,an aerial view of a city with a large building,已复制到Camera Roll
5_副本4.jpg,冰岛法国-风景-全景-157.jpg,a man standing on top of a rock surrounded by rocks,已复制到Camera Roll
5_副本5.jpg,冰岛法国-小船-河流-全景-158.jpg,a man walking across a river with a boat in the distance,已复制到Camera Roll
5_副本6.jpg,冰岛法国-山-水面-竖幅-159.jpg,a large body of water with mountains,已复制到Camera Roll
5_副本7.jpg,冰岛法国-人群-全景-冷色调-160.jpg,people standing on a beach next to a lighthouse,已复制到Camera Roll
5_副本8.jpg,冰岛法国-水面-全景-161.jpg,a woman standing in the water holding an umbrella,已复制到Camera Roll
5_副本9.jpg,冰岛法国-风景-全景-162.jpg,motorcycles are parked in a grassy area,已复制到Camera Roll
6.jpg,冰岛法国-风景-全景-暖色调-163.jpg,a large room with a large clock on the wall,已复制到Camera Roll
6_副本.jpg,冰岛法国-建筑-全景-冷色调-164.jpg,a large building with a clock on the top of it,已复制到Camera Roll
6_副本1.jpg,冰岛法国-风景-全景-165.jpg,a young girl standing on top of a wooden fence,已复制到Camera Roll
6_副本2.jpg,冰岛法国-建筑-竖幅-冷色调-166.jpg,a man standing in front of a large building,已复制到Camera Roll
6_副本3.jpg,冰岛法国-建筑-竖幅-167.jpg,a man sitting on a stone wall in front of a building,已复制到Camera Roll
6_副本4.jpg,冰岛法国-瀑布-全景-168.jpg,a rocky cliff with a waterfall,已复制到Camera Roll
6_副本5.jpg,冰岛法国-人物-水面-全景-暖色调-169.jpg,a person sitting on a rock near a body of water,已复制到Camera Roll
6_副本6.jpg,冰岛法国-山脉-山-水面-竖幅-170.jpg,a large body of water with a mountain range behind it,已复制到Camera Roll
6_副本7.jpg,冰岛法国-人群-全景-冷色调-171.jpg,a crowd of people standing on top of a beach,已复制到Camera Roll
6_副本8.jpg,冰岛法国-人群-水面-全景-172.jpg,a large body of water with a group of people on it,已复制到Camera Roll
6_副本9.jpg,冰岛法国-山脉-山-全景-173.jpg,a mountain range with a mountain range behind it,已复制到Camera Roll
7.jpg,冰岛法国-人群-全景-暖色调-174.jpg,a large group of people sitting on a wooden bench,已复制到Camera Roll
7_副本.jpg,冰岛法国-建筑-全景-暖色调-175.jpg,a large brick building with a clock on it's side,已复制到Camera Roll
7_副本1.jpg,冰岛法国-风景-全景-暖色调-176.jpg,a woman standing in front of a garden with flowers,已复制到Camera Roll
7_副本2.jpg,冰岛法国-风景-全景-177.jpg,a woman sitting at a table in a restaurant,已复制到Camera Roll
7_副本3.jpg,冰岛法国-建筑-竖幅-冷色调-178.jpg,a tall building with a clock on it's side,已复制到Camera Roll
7_副本4.jpg,冰岛法国-山脉-山-全景-179.jpg,a large rock wall with a mountain range behind it,已复制到Camera Roll
7_副本5.jpg,冰岛法国-山脉-山-全景-180.jpg,a large hill with a mountain range,已复制到Camera Roll
7_副本6.jpg,冰岛法国-小船-河流-全景-181.jpg,a river with a rock wall and a boat on it,已复制到Camera Roll
7_副本7.jpg,冰岛法国-人群-竖幅-冷色调-182.jpg,a woman standing on top of a beach next to a group of people,已复制到Camera Roll
7_副本8.jpg,冰岛法国-水面-竖幅-183.jpg,a large body of water surrounded by rocks and boulders,已复制到Camera Roll
7_副本9.jpg,冰岛法国-山脉-山-全景-184.jpg,a mountain range with a mountain range behind it,已复制到Camera Roll
8.jpg,冰岛法国-建筑-竖幅-暖色调-185.jpg,a large building with a large clock on it,已复制到Camera Roll
8_副本.jpg,冰岛法国-建筑-全景-186.jpg,a large brick building with a clock on it's side,已复制到Camera Roll
8_副本1.jpg,冰岛法国-人群-公路-竖幅-187.jpg,people walking down a dirt road,已复制到Camera Roll
8_副本2.jpg,冰岛法国-建筑-竖幅-188.jpg,a large building with a clock on the side of it,已复制到Camera Roll
8_副本3.jpg,冰岛法国-人物-树-竖幅-189.jpg,a person on a sidewalk with trees,已复制到Camera Roll
8_副本4.jpg,冰岛法国-山脉-山-竖幅-190.jpg,a rocky shoreline with a mountain range,已复制到Camera Roll
8_副本5.jpg,冰岛法国-山坡-竖幅-191.jpg,a young woman sitting on a lush green hillside,已复制到Camera Roll
8_副本6.jpg,冰岛法国-山-水面-全景-192.jpg,a large body of water surrounded by mountains,已复制到Camera Roll
8_副本7.jpg,冰岛法国-风景-全景-冷色调-193.jpg,a woman standing on a beach next to the ocean,已复制到Camera Roll
8_副本8.jpg,冰岛法国-水面-全景-194.jpg,a large body of water filled with snow,已复制到Camera Roll
8_副本9.jpg,冰岛法国-山坡-全景-195.jpg,a grassy hillside with a bus parked on top of it,已复制到Camera Roll
9.jpg,冰岛法国-教堂-人群-全景-暗光-暖色调-196.jpg,a crowd of people standing in front of a church,已复制到Camera Roll
9_副本.jpg,冰岛法国-建筑-全景-197.jpg,a large building with a clock on it,已复制到Camera Roll
9_副本1.jpg,冰岛法国-人群-山坡-全景-暖色调-198.jpg,a hillside with a couple of people walking on it,已复制到Camera Roll
9_副本2.jpg,冰岛法国-水面-全景-冷色调-199.jpg,a view from a balcony of a city with a view of the water,已复制到Camera Roll
9_副本3.jpg,冰岛法国-人群-竖幅-200.jpg,people walking down a path in the woods,已复制到Camera Roll
9_副本4.jpg,冰岛法国-河流-树-全景-201.jpg,a river with rocks and trees,已复制到Camera Roll
9_副本5.jpg,冰岛法国-人群-瀑布-全景-202.jpg,a number of people standing on top of a waterfall,已复制到Camera Roll
9_副本6.jpg,冰岛法国-瀑布-河流-全景-203.jpg,a river with rocks and a waterfall,已复制到Camera Roll
9_副本7.jpg,冰岛法国-风景-全景-冷色调-204.jpg,a woman standing on a beach next to the ocean,已复制到Camera Roll
9_副本8.jpg,冰岛法国-水面-全景-205.jpg,a large body of water with a large amount of snow on top,已复制到Camera Roll
9_副本9.jpg,冰岛法国-山坡-全景-206.jpg,a grassy hillside with a lighthouse on top of it,已复制到Camera Roll
